<?xml version='1.0' encoding='UTF-8' standalone='yes'?>
<addon id="repository.vertolab" name="Verto Lab Repo" version="1.0.1" provider-name="Verto Lab">
  <requires>
    <import addon="xbmc.addon" version="12.0.0"/>
  </requires>
  <extension point="xbmc.addon.repository" name="Verto Lab Repo">
    <info compressed="true">http://kodi-repo.vertolab.com/Plugins/addons.xml</info>
    <checksum>http://kodi-repo.vertolab.com/Plugins/addons.xml.md5</checksum>
    <datadir zip="true">http://kodi-repo.vertolab.com/Plugins</datadir>
    <hashes>true</hashes>
  </extension>
  <extension point="xbmc.addon.metadata">
    <summary>Voice control your Kodi using Amazon Alexa</summary>
    <description>Voice control your Kodi using Amazon Alexa enabled devices such as Echo. Support for Google Home might be added in the future.</description>
    <platform>all</platform>
  </extension>
</addon>
