<?xml version="1.0" encoding="UTF-8" standalone="yes"?>
<addon id="repository.livecli" name="livecli repository" version="2.0.0" provider-name="livecli">
  <extension point="xbmc.addon.repository" name="livecli">
    <info compressed="true">https://raw.githubusercontent.com/livecli/repo/master/addons.xml</info>
    <checksum>https://raw.githubusercontent.com/livecli/repo/master/addons.xml.md5</checksum>
    <datadir zip="true">https://raw.githubusercontent.com/livecli/repo/master/</datadir>
  </extension>
  <extension point="xbmc.addon.metadata">
    <summary>livecli repository</summary>
    <description>livecli repository</description>
    <platform>all</platform>
    <source>https://github.com/livecli/repository.livecli</source>
    <news>
    2.0.0
    - official repository for livecli
    </news>
    <assets>
        <icon>icon.png</icon>
    </assets>
  </extension>
</addon>
